{"cameraMode":{"drawMode":0,"name":"Shaded","section":"Shading Mode"},"sceneLighting":false,"audioPlay":false,"sceneViewState":{"m_AlwaysRefresh":false,"showFog":true,"showSkybox":false,"showFlares":true,"showImageEffects":true,"showParticleSystems":true,"showVisualEffectGraphs":true,"m_FxEnabled":true},"in2DMode":false,"pivot":{"x":-1.1920928955078126e-7,"y":1.6248208284378052,"z":-1.1920928955078126e-7},"rotation":{"x":0.01138848066329956,"y":0.9737883806228638,"z":-0.22165553271770478,"w":0.04999770596623421},"size":2.0263993740081789,"orthographic":false}