{"cameraMode":{"drawMode":0,"name":"Shaded","section":"Shading Mode"},"sceneLighting":false,"audioPlay":false,"sceneViewState":{"m_AlwaysRefresh":false,"showFog":true,"showSkybox":false,"showFlares":true,"showImageEffects":true,"showParticleSystems":true,"showVisualEffectGraphs":true,"m_FxEnabled":true},"in2DMode":false,"pivot":{"x":0.3646623194217682,"y":0.9297420978546143,"z":0.4433000087738037},"rotation":{"x":0.030801380053162576,"y":0.9484801888465881,"z":-0.2999679744243622,"w":0.09736736863851547},"size":2.0645718574523927,"orthographic":false}