{"cameraMode":{"drawMode":0,"name":"Shaded","section":"Shading Mode"},"sceneLighting":false,"audioPlay":false,"sceneViewState":{"m_AlwaysRefresh":false,"showFog":true,"showSkybox":false,"showFlares":true,"showImageEffects":true,"showParticleSystems":true,"showVisualEffectGraphs":true,"m_FxEnabled":true},"in2DMode":false,"pivot":{"x":-0.000002652406692504883,"y":0.2487875074148178,"z":-1.7881393432617188e-7},"rotation":{"x":0.01138848066329956,"y":0.9737883806228638,"z":-0.22165553271770478,"w":0.04999770596623421},"size":0.6177156567573547,"orthographic":false}