{"cameraMode":{"drawMode":0,"name":"Shaded","section":"Shading Mode"},"sceneLighting":false,"audioPlay":false,"sceneViewState":{"m_AlwaysRefresh":false,"showFog":true,"showSkybox":false,"showFlares":true,"showImageEffects":true,"showParticleSystems":true,"showVisualEffectGraphs":true,"m_FxEnabled":true},"in2DMode":false,"pivot":{"x":-0.16985327005386353,"y":0.02242434024810791,"z":0.001755833625793457},"rotation":{"x":0.01138848066329956,"y":0.9737883806228638,"z":-0.22165553271770478,"w":0.04999770596623421},"size":1.0460259914398194,"orthographic":false}